Cores,Threaded,OpenMP Static,OpenMP Dynamic,OpenMP Guided,Serial
6,3.64571287128713,2.71217821782178,2.6342304323423,2.734239429034,5.06121782178218
5,3.23252475247525,3.03636633663366,2.9342304235602,3.023923590283,5.06121782178218
4,2.4899900990099,3.03787128712871,2.9023413501912,3.023489812352,5.06121782178218
3,2.8689702970297,3.15568316831683,3.0523409123801,3.0624202934203,5.06121782178218
2,3.01876237623762,3.05326732673267,3.0302934093044,3.1289942523423,5.06121782178218
1,4.90342344324,4.8958934525,4.8909032492039,4.909423093402,5.06121782178218
