Cores,Threaded,Threaded speedup,OpenMP Static,OpenmMP static speedup,OpenMP Dynamic,OpenMP Dynamic Speedup,OpenMP Guided,OpenMP Guided,Serial
6,3.64571287128713,1.38826561511283,2.71217821782178,1.86610812981419,2.6342304323423,1.92132691189125,2.734239429034,1.85105143611008,5.06121782178218
5,3.23252475247525,1.56571664854434,3.03636633663366,1.66686666253632,2.9342304235602,1.72488765065739,3.023923590283,1.67372543342225,5.06121782178218
4,2.4899900990099,2.03262568144134,3.03787128712871,1.66604090279475,2.9023413501912,1.74383961467825,3.023489812352,1.67396556161868,5.06121782178218
3,2.8689702970297,1.76412346514084,3.15568316831683,1.60384219575558,3.0523409123801,1.6581430341723,3.0624202934203,1.65268556790077,5.06121782178218
2,3.01876237623762,1.67658702176159,3.05326732673267,1.65763992476814,3.0302934093044,1.67020718397826,3.1289942523423,1.61752224951946,5.06121782178218
1,4.90342344324,1.03218045114169,4.8958934525,1.03376796715169,4.8909032492039,1.03482272371796,4.909423093402,1.03091905616857,5.06121782178218
